,user_id,seg_start,seg_end,max_hr,min_hr,avg_hr,max_rr,min_rr,avg_rr
0,saipriya,1649144912,1649145812,100,45,80.1198668146504,25,12,18.719200887902332
1,saipriya,1649145812,1649146712,100,60,79.34628190899001,25,12,18.69811320754717
2,saipriya,1649146712,1649147612,100,60,80.05882352941177,25,12,18.619311875693672
3,saipriya,1649147612,1649148512,100,60,80.27635960044395,25,12,18.451720310765815
